Symbol,ceiling,floor,ref_price,prior_close_price,match_price,match_vol,accumulated_volume,accumulated_value,avg_match_price,highest,lowest,foreign_buy_volume,foreign_sell_volume,current_room,total_room,total_accumulated_value,total_accumulated_volume,reference_price
YEG,9840,8560,9200,9200,9300,52000,1612500,14879,9227.286821705426,9350,9110,224800,39200,62998156,67130712,14879.805000000017,16125.0,9200.0
YBM,11750,10250,11000,11000,11500,100,300,3,11666.666666666668,11750,11500,0,0,6965395,7006941,3.5,3.0,11000.0
VTP,81800,71200,76500,76500,81800,7500,2924500,235937,80676.01299367413,81800,76500,368600,66600,51065271,59673690,235937.699999998,29245.0,76500.0
VTO,13550,11850,12700,12700,12700,1000,129300,1635,12645.011600928074,12750,12600,0,0,28341113,39134666,1635.4999999999998,1293.0,12700.0
VTB,11150,9720,10450,10450,10450,100,4900,50,10254.081632653062,10450,10250,0,0,5663285,5871204,50.245,49.0,10450.0
VSI,20300,17700,19000,19000,0,0,0,0,0.0,0,0,0,0,6345784,6468000,0.0,0.0,19000.0
VSH,53800,46800,50300,50300,51000,100,61900,3128,50533.11793214863,52700,50300,0,4400,87437761,115758210,3128.5599999999995,619.0,50300.0
VSC,18500,16100,17300,17300,17400,65400,1122300,19522,17394.636015325672,17500,17300,100,16400,124634320,130727729,19522.31999999999,11223.0,17300.0
VRE,19600,17100,18350,18350,18500,336300,3292200,60654,18423.546564607255,18500,18250,193400,823900,637468375,1141121020,60654.7849999998,32922.0,18350.0
VRC,8450,7350,7900,7900,7890,100,4600,36,7826.086956521739,7900,7510,0,1100,24421425,24500000,36.02,46.0,7900.0
VPS,10150,8840,9500,9500,9310,100,1700,15,9408.235294117647,10150,9300,0,0,11977173,11985788,15.994,17.0,9500.0
VPI,60300,52500,56400,56400,56400,35400,1570500,88559,56389.04807386183,56600,56100,7200,20300,137461953,142295698,88559.34,15705.0,56400.0
VPH,9360,8140,8750,8750,8800,4300,69500,605,8705.035971223022,8800,8660,0,0,46219342,46725322,605.0150000000001,695.0,8750.0
VPG,14400,12600,13500,13500,13900,79200,640900,8762,13671.399594320486,13900,13500,23300,0,43097716,43323717,8762.624999999993,6409.0,13500.0
VPD,28750,25050,26900,26900,26700,400,5000,133,26792.000000000004,26800,26700,0,0,20121774,53294814,133.96,50.0,26900.0
VPB,21500,18700,20100,20100,20250,4530700,49592300,999857,20161.537174117755,20300,20000,5167400,19244302,385290386,2380177080,999857.5550000134,495923.0,20100.0
VOS,16450,14350,15400,15400,15400,36700,666400,10300,15456.182472989196,15650,15400,0,600,67479110,68600000,10300.090000000015,6664.0,15400.0
VNS,10900,9490,10200,10200,10250,200,400,4,10225.0,10250,10200,0,0,23798614,33251004,4.09,4.0,10200.0
VNM,72900,63500,68200,68200,67800,186400,3527900,240002,68029.70605742793,68600,67800,1507200,953939,1004379130,2089955445,240002.19999999783,35279.0,68200.0
VNL,16650,14550,15600,15600,15750,100,900,14,15716.666666666668,16100,15600,0,0,5150235,6928838,14.145000000000001,9.0,15600.0
VNG,8650,7530,8090,8090,8030,100,3400,27,8052.058823529412,8080,8030,0,0,47288761,47665537,27.377,34.0,8090.0
VNE,4380,3820,4100,4100,4090,200,23500,94,4040.382978723405,4100,4030,4100,0,42131271,44312146,94.94900000000001,235.0,4100.0
VND,15850,13850,14850,14850,15200,655800,16764800,253316,15109.992364955144,15350,14850,1157300,109000,1332203113,1522299908,253316.14000000013,167648.0,14850.0
VMD,19600,17100,18350,18350,18300,2300,5300,96,18113.20754716981,18300,18100,0,0,7345460,7565731,96.41,53.0,18350.0
VJC,112100,97500,104800,104800,105600,22900,890700,93306,104755.81003704951,105900,104100,66800,30700,89579276,162483400,93306.21000000011,8907.0,104800.0
VIX,12800,11200,12000,12000,12050,572200,18933100,227969,12040.764586887515,12200,11900,823200,614800,642655620,669444725,227969.85499999637,189331.0,12000.0
VIP,14000,12200,13100,13100,13150,2500,45200,594,13141.592920353982,13250,13100,3100,0,26361403,33550761,594.9699999999998,452.0,13100.0
VID,5790,5050,5420,5420,5410,100,100,0,5410.0,5410,5410,0,0,20096216,20418034,0.541,1.0,5420.0
VIC,43750,38050,40900,40900,41600,75300,1210800,50025,41315.65906838454,41600,41000,163900,69561,1466616769,1862402462,50025.80999999989,12108.0,40900.0
VIB,20500,17900,19200,19200,19200,527500,12384900,238223,19234.95546996746,19350,19150,0,0,0,148658477,238223.85500000013,123849.0,19200.0
VHM,44500,38700,41600,41600,42500,404800,6742900,284617,42209.880021949015,42550,41600,1209809,215892,1571106075,2177183744,284617.56,67429.0,41600.0
VHC,75200,65400,70300,70300,71500,16800,461300,32924,71372.2089746369,71600,70500,33800,56440,158800992,224453159,32924.719999999856,4613.0,70300.0
VGC,45700,39800,42750,42750,43700,51800,1170400,50640,43267.25905673274,43700,42750,231600,36700,202282517,219691500,50640.719999999885,11704.0,42750.0
VFG,75100,65300,70200,70200,71100,4100,13000,921,70846.15384615384,71100,70200,0,3900,20367097,21274453,921.7699999999999,130.0,70200.0
VDS,23200,20200,21700,21700,21650,92900,2731000,58740,21508.60490662761,21800,21350,12900,297300,239345691,243000000,58740.68999999979,27310.0,21700.0
VDP,35300,30700,33000,33000,32500,100,2300,75,32608.695652173912,33300,32500,0,0,0,0,75.97,23.0,33000.0
VCI,39900,34700,37300,37300,37400,523400,7245200,270719,37365.29012311599,37750,37150,729700,127400,462339333,574469480,270719.23500000103,72452.0,37300.0
VCG,19550,17050,18300,18300,18600,132300,2489300,46185,18553.408588759892,18650,18400,4300,59100,246309238,293310794,46185.12999999995,24893.0,18300.0
VCF,226800,197200,212000,212000,216400,100,1100,233,212581.81818181815,216400,212000,0,0,12876256,13023776,233.83999999999997,11.0,212000.0
VCB,97900,85100,91500,91500,91000,212600,2175700,198275,91131.58983315715,91800,90900,1498300,1875525,369210887,1676727378,198275.58999999927,21757.0,91500.0
VCA,9360,8140,8750,8750,8990,100,700,6,8571.42857142857,8990,8560,0,0,0,0,6.13,7.0,8750.0
VAF,15350,13350,14350,14350,14200,100,5500,80,14545.454545454546,15350,14200,0,0,18442486,18456020,80.72,55.0,14350.0
UIC,41400,36000,38700,38700,39200,200,8200,319,38902.439024390245,39200,38900,0,0,0,0,319.73999999999995,82.0,38700.0
TYA,13800,12000,12900,12900,12700,100,1400,17,12700.0,12700,12700,0,300,3787463,6134773,17.78,14.0,12900.0
TVT,17100,14900,16000,16000,16050,100,5700,90,15955.26315789474,16100,15900,0,0,0,0,90.94500000000002,57.0,16000.0
TVS,24050,20950,22500,22500,22500,4300,22000,496,22545.454545454544,22650,22400,0,200,44164564,81827684,496.06999999999994,220.0,22500.0
TVB,9840,8560,9200,9200,9200,1100,86800,796,9170.506912442397,9210,9130,0,3500,31688218,33629105,796.766,868.0,9200.0
TV2,31950,27850,29900,29900,29850,6300,177300,5293,29853.355893965032,30100,29700,0,0,4820958,10128924,5293.500000000003,1773.0,29900.0
TTF,3320,2900,3110,3110,3110,41500,647100,2002,3093.803121619533,3120,3070,8100,100,182807753,205599151,2002.7439999999988,6471.0,3110.0
TTE,24550,21350,22950,22950,0,0,0,0,0.0,0,0,0,0,14243030,14245200,0.0,0.0,21900.0
TTA,10200,8890,9550,9550,9710,15000,259900,2509,9653.712966525587,9800,9540,20900,500,82137740,83328220,2509.495000000002,2599.0,9550.0
TSC,3000,2620,2810,2810,2840,400,223200,628,2813.620071684588,2880,2750,0,0,0,0,628.7580000000002,2232.0,2810.0
TRC,41400,36000,38700,38700,39000,300,9100,354,38901.0989010989,39000,38700,0,0,14131884,14700000,354.71000000000004,91.0,38700.0
TRA,82200,71600,76900,76900,77000,100,1500,115,77173.33333333333,77300,76900,1400,0,979164,20312299,115.76,15.0,76900.0
TPC,6630,5770,6200,6200,6580,1900,5000,32,6400.0,6580,5770,0,0,11545290,11970992,32.349,50.0,6200.0
TPB,18750,16350,17550,17550,17600,1051900,15086300,265033,17567.79329590423,17700,17400,381700,0,0,660490502,265033.3900000003,150863.0,17550.0
TNT,4440,3860,4150,4150,4140,7000,12600,51,4126.666666666667,4150,4090,100,0,24164141,24990000,51.996,126.0,4150.0
TNI,2460,2140,2300,2300,2310,1500,48700,113,2320.3285420944558,2350,2300,0,0,25657315,25725000,113.02400000000002,487.0,2300.0
TNH,23500,20500,22000,22000,22700,44600,1143700,25576,22362.507650607677,22700,21950,160700,6700,23535472,77122206,25576.344999999947,11437.0,22000.0
TNC,41000,35700,38350,38350,0,0,0,0,0.0,0,0,0,0,9517908,9625000,0.0,0.0,36900.0
TNA,4030,3510,3770,3770,0,0,0,0,0.0,0,0,0,0,23234412,24292369,0.0,0.0,0.0
TN1,11000,9580,10300,10300,10200,200,1000,10,10260.000000000002,10500,10200,0,0,27197011,27316174,10.260000000000002,10.0,10300.0
TMT,7200,6260,6730,6730,6770,900,28400,187,6584.507042253521,6800,6530,0,0,17312325,18270963,187.767,284.0,6730.0
TMS,48050,41850,44950,44950,0,0,0,0,0.0,0,0,0,0,10125128,77552558,0.0,0.0,44300.0
TMP,74200,64600,69400,69400,69500,100,2700,188,69629.62962962964,70000,69000,0,100,33751788,34300000,188.26,27.0,69400.0
TLH,5980,5200,5590,5590,5590,7500,241700,1354,5601.985932974762,5640,5580,100,9300,53883178,55036808,1354.0659999999993,2417.0,5590.0
TLG,55500,48300,51900,51900,52700,25900,269100,14163,52630.99219620959,53000,51900,5700,4800,63094675,78594453,14163.770000000082,2691.0,51900.0
TLD,5790,5050,5420,5420,5350,8600,40600,218,5369.458128078818,5430,5350,0,0,37606216,38093264,218.52200000000002,406.0,5420.0
TIX,36350,31650,34000,34000,34000,900,6400,217,34000.0,34000,34000,0,0,0,0,217.6,64.0,34000.0
TIP,24600,21400,23000,23000,23000,1600,99300,2286,23021.148036253777,23100,22900,0,0,21267346,32503928,2286.9550000000004,993.0,23000.0
THG,47750,41550,44650,44650,44550,100,4600,204,44519.565217391304,44650,44500,0,0,11952235,12711524,204.79,46.0,44650.0
TEG,9090,7910,8500,8500,8540,100,3300,27,8469.090909090908,8550,8420,0,0,52968873,59195215,27.947999999999993,33.0,8500.0
TDW,50300,43800,47050,47050,44050,100,100,4,44050.0,44050,44050,0,0,3991460,4250000,4.405,1.0,47050.0
TDP,36550,31850,34200,34200,33500,300,99700,3381,33911.73520561685,34500,33500,0,1080,44903378,44993347,3381.7900000000004,997.0,34200.0
TDM,53500,46500,50000,50000,50000,800,4700,234,49787.234042553195,50000,49700,0,0,51509597,55000000,234.95,47.0,50000.0
TDH,2840,2480,2660,2660,2640,600,81700,216,2643.818849449204,2680,2600,0,2000,54794550,56326383,216.36099999999985,817.0,2660.0
TDG,5450,4750,5100,5100,5100,100,95600,490,5125.523012552301,5150,5100,0,0,0,0,490.152,956.0,5100.0
TDC,10500,9150,9830,9830,9900,55500,257000,2520,9805.44747081712,9980,9730,0,452000,48941000,50000000,2520.971999999999,2570.0,9830.0
TCT,18650,16250,17450,17950,17600,100,4700,82,17594.68085106383,17700,17450,0,0,0,0,82.69500000000001,47.0,17450.0
TCR,3680,3200,3440,3440,0,0,0,0,0.0,0,0,0,0,73598,5082863,0.0,0.0,3450.0
TCO,18450,16050,17250,17250,16800,3100,319700,5423,16962.777604003753,17350,16800,18100,3900,8914019,9168390,5423.17,3197.0,17250.0
TCM,49300,42900,46100,46100,46800,28300,1499900,69722,46484.43229548637,46800,46100,12400,0,1366322,50977741,69722.65000000001,14999.0,46100.0
TCL,37700,32800,35250,35250,35300,100,5200,182,35144.23076923077,35350,35050,1700,0,11170671,14777633,182.75,52.0,35250.0
TCI,9160,7980,8570,8570,8570,6600,349200,2946,8436.426116838487,8580,8290,16700,0,109628631,115620964,2946.21,3492.0,8570.0
TCH,18550,16150,17350,17350,17350,233200,2872600,49859,17356.749982594167,17500,17250,44800,205508,302282009,340790079,49859.265000000276,28726.0,17350.0
TCD,5450,4750,5100,5100,5070,79500,666800,3377,5064.487102579484,5150,5000,600,1400,163504838,164552114,3377.070000000002,6668.0,5100.0
TCB,26100,22700,24400,24400,24650,400200,21677200,531905,24537.532522650527,24750,24300,11040900,3047000,52632499,1584143561,531905.5900000156,216772.0,24400.0
TBC,44200,38500,41350,41350,40000,1900,3000,120,40000.0,40050,40000,0,0,30182596,31115000,120.005,30.0,41350.0
SZL,45400,39500,42450,42450,42400,100,1100,46,42400.00000000001,42400,42400,0,0,0,0,46.64000000000001,11.0,42450.0
SZC,38800,33800,36300,36300,37550,81100,2053100,76418,37220.78807656714,37550,36650,452200,82390,30646297,35997172,76418.17500000003,20531.0,36300.0
SVT,11950,10450,11200,11200,11200,300,1700,19,11200.0,11200,11200,0,0,8564236,8655489,19.04,17.0,11200.0
SVI,72700,63300,68000,68000,0,0,0,0,0.0,0,0,0,0,641790,12832437,0.0,0.0,0.0
SVD,3350,2930,3140,3140,3180,400,27500,85,3090.909090909091,3200,3030,1500,0,13472401,13526894,85.84600000000002,275.0,3140.0
SVC,26750,23250,25000,25000,0,0,0,0,0.0,0,0,0,0,31498592,32648976,0.0,0.0,26800.0
STK,27350,23850,25600,25600,25650,700,14400,369,25625.0,25800,25600,0,0,80612658,96636924,369.295,144.0,25600.0
STG,45600,39700,42650,42650,42650,100,300,12,42650.0,42650,42650,0,0,3883500,33406141,12.794999999999998,3.0,42650.0
STB,36050,31350,33700,33700,34150,1489300,17686600,600957,33978.0964119729,34300,33600,3678900,5158000,108660479,565564714,600957.0699999963,176866.0,33700.0
ST8,8220,7160,7690,7690,7700,4200,141200,1087,7698.300283286119,7770,7650,0,0,12697738,12860451,1087.435,1412.0,7690.0
SSI,29300,25500,27400,27400,27300,1337800,17220400,470424,27317.83233838935,27600,27100,2613490,4131306,855657198,1511130137,470424.4899999986,172204.0,27400.0
SSC,35300,30700,33000,33000,33500,100,400,13,33550.0,33600,33500,0,0,7220396,7346259,13.42,4.0,33000.0
SSB,18250,15950,17100,17100,17500,81000,2214700,38185,17241.61285952951,18000,16950,289800,100600,138806761,141750000,38185.72500000006,22147.0,17100.0
SRF,9200,8000,8600,8600,8900,200,7300,63,8630.13698630137,8900,8590,0,0,19230380,35566780,63.53200000000001,73.0,8600.0
SRC,29600,25800,27700,27700,27700,100,100,2,27700.0,27700,27700,0,0,0,0,2.77,1.0,27700.0
SPM,11400,9960,10700,10700,10700,100,100,1,10700.0,10700,10700,0,0,6559410,6860000,1.07,1.0,10700.0
SMC,7550,6570,7060,7060,7110,3700,348300,2477,7111.6853287395925,7170,7080,400,0,58583299,73678587,2477.2909999999956,3483.0,7060.0
SMB,38450,33450,35950,35950,36100,100,11300,406,35929.20353982301,36100,35800,0,500,10560903,14624857,406.0600000000001,113.0,35950.0
SMA,11400,9960,10700,10700,0,0,0,0,0.0,0,0,0,0,9962471,9972889,0.0,0.0,10700.0
SKG,13000,11300,12150,12150,12400,2700,84600,1043,12328.605200945627,12450,12150,18900,0,2667016,32583871,1043.0500000000009,846.0,12150.0
SJS,70800,61600,66200,66200,66000,700,3900,256,65641.02564102564,66400,65400,100,1200,56634361,57427770,256.95,39.0,66200.0
SJF,1910,1670,1790,1790,0,0,0,0,0.0,0,0,0,0,38544627,38808000,0.0,0.0,0.0
SJD,16750,14650,15700,15700,15750,18000,123500,1945,15748.987854251012,15800,15700,0,30500,29623471,34499310,1945.8600000000013,1235.0,15700.0
SIP,78200,68000,73100,73100,73300,28900,258300,18921,73252.0325203252,73500,72800,43000,200,98091730,103161367,18921.409999999974,2583.0,73100.0
SHP,39650,34550,37100,37100,36900,800,10500,387,36857.142857142855,37100,36550,0,0,0,0,387.465,105.0,37100.0
SHI,15750,13750,14750,14750,14700,2000,620700,9095,14652.811342033188,15650,14650,0,1000,79128919,79466460,9095.749999999998,6207.0,14750.0
SHB,11500,10000,10750,10750,10800,533600,11119000,120140,10804.928500764458,10850,10750,980500,317631,989065690,1098872562,120140.52500000122,111190.0,10750.0
SHA,4570,3990,4280,4280,4190,500,5300,22,4253.962264150943,4270,4190,0,0,16089877,16388870,22.546,53.0,4280.0
SGT,16500,14400,15450,15450,15500,10900,45100,700,15521.064301552107,15900,15400,0,0,0,0,700.4300000000003,451.0,15450.0
SGR,43500,37900,40700,40700,41100,500,141300,5879,41606.51096956829,42650,40450,5300,22700,29173965,29400000,5879.174999999998,1413.0,40700.0
SGN,83600,72800,78200,78200,78600,300,2100,165,78571.42857142857,79500,78500,1200,210,1001400,10074507,165.17000000000002,21.0,78200.0
SFI,34300,29900,32100,32100,31900,300,500,15,31880.0,31900,31850,100,100,9621320,12194652,15.940000000000001,5.0,32100.0
SFG,11650,10150,10900,10900,11000,600,2200,24,10909.09090909091,11450,10600,0,0,0,0,24.145000000000003,22.0,10900.0
SFC,22450,19550,21000,21000,21000,1000,2400,50,21000.0,21000,21000,0,0,0,0,50.400000000000006,24.0,21000.0
SCS,81300,70700,76000,76000,75800,6000,166600,12645,75900.36014405762,76200,75700,23200,95655,6854484,30623094,12645.089999999995,1666.0,76000.0
SCR,5660,4920,5290,5290,5290,81000,565200,3000,5307.855626326964,5340,5290,0,0,196073197,197830887,3000.3929999999964,5652.0,5290.0
SC5,19250,16750,18000,18000,0,0,0,0,0.0,0,0,0,0,6999690,7342429,0.0,0.0,19000.0
SBV,11100,9680,10400,10400,10400,100,1000,10,10089.999999999998,10400,10000,0,0,23341013,27366476,10.09,10.0,10400.0
SBT,13800,12000,12900,12900,12750,104000,1852800,23682,12781.735751295337,12950,12700,12000,1800,594593009,762112326,23682.325000000008,18528.0,12900.0
SBG,10950,9540,10250,10250,10250,6300,194800,2000,10266.94045174538,10350,10200,0,3900,12336820,12500000,2000.8949999999998,1948.0,10250.0
SBA,32600,28400,30500,30500,30500,500,13800,421,30507.246376811596,30600,30500,0,0,0,0,421.90000000000003,138.0,30500.0
SAV,21850,19050,20450,20450,20550,200,30400,622,20460.526315789473,20700,20000,0,0,7381,12594982,622.6049999999998,304.0,20450.0
SAM,7120,6200,6660,6660,6700,21300,237200,1586,6686.340640809443,6750,6630,2700,7900,183987628,186180875,1586.4760000000006,2372.0,6660.0
SAB,60200,52400,56300,56300,56400,13300,613900,34513,56219.25395015475,56600,55900,141200,212700,502991459,1282562372,34513.41999999993,6139.0,56300.0
S4A,39550,34450,37000,37000,0,0,0,0,0.0,0,0,0,0,0,0,0.0,0.0,37000.0
REE,70100,61100,65600,65600,65600,18200,519100,33979,65457.52263533038,65600,65300,0,0,0,230796566,33979.080000000096,5191.0,65600.0
RDP,2330,2030,2180,2180,2160,18200,129400,281,2171.5610510046367,2190,2120,0,0,24354122,24534901,281.0410000000002,1294.0,2180.0
RAL,142000,123600,132800,132800,133500,100,3900,518,132820.5128205128,133500,132500,0,500,11245523,11773709,518.0499999999998,39.0,132800.0
QNP,38800,33800,36300,36300,36000,500,800,28,36187.5,36500,36000,0,0,0,0,28.95,8.0,36300.0
QCG,7280,6340,6810,6810,7010,21000,811000,5745,7083.8471023427865,7230,6850,18600,81300,132678577,134813361,5745.903000000004,8110.0,6810.0
PVT,31200,27200,29200,29200,29300,387800,2385800,69442,29106.379411518148,29300,28950,128800,1300,126482675,174446192,69442.65000000021,23858.0,29200.0
PVP,17350,15150,16250,16250,16150,16300,259200,4217,16269.29012345679,16500,16150,0,0,47043529,50814201,4217.429999999993,2592.0,16250.0
PVD,30000,26100,28050,28050,27700,401400,4810900,132819,27607.931987777756,28000,27450,213600,1773100,196096834,272585042,132819.55999999968,48109.0,28050.0
PTL,3010,2630,2820,2820,2880,700,177000,505,2853.107344632768,2920,2800,0,0,0,0,505.36500000000007,1770.0,2820.0
PTC,5420,4720,5070,5070,4970,500,11300,56,4955.7522123893805,4970,4940,0,0,15775964,16153662,56.053,113.0,5070.0
PTB,65000,56600,60800,60800,61600,42400,320800,19579,61031.79551122194,61600,60600,200,206300,191968,16734600,19579.899999999998,3208.0,60800.0
PSH,4440,3860,4150,4150,4200,40100,438900,1839,4190.020505809979,4250,4160,0,0,0,0,1839.0610000000006,4389.0,4150.0
PPC,13100,11400,12250,12250,12550,23700,249900,3124,12501.000400160065,12600,12300,5100,55300,125202249,159855150,3124.2150000000024,2499.0,12250.0
POW,13650,11950,12800,12800,12950,248900,4342900,55766,12840.728545441985,12950,12750,614010,30067,1057936227,1147517084,55766.835000000065,43429.0,12800.0
PNJ,101400,88200,94800,94800,94400,85100,775600,73248,94440.43321299639,95000,94300,0,0,0,165656640,73248.08999999985,7756.0,94800.0
PNC,14400,12600,13500,13500,13400,1000,1000,13,13400.0,13400,13400,0,0,5351705,5409718,13.4,10.0,13500.0
PMG,8560,7440,8000,8000,0,0,0,0,0.0,0,0,0,0,13359902,22704776,0.0,0.0,7680.0
PLX,47750,41550,44650,44650,44400,76400,1817600,80798,44453.125,44750,44350,223900,916100,27591962,258775616,80798.10500000013,18176.0,44650.0
PLP,5130,4470,4800,4800,4800,100,3200,14,4677.812500000001,4820,4660,0,100,34029696,34300000,14.969000000000001,32.0,4800.0
PJT,10900,9490,10200,10200,10100,100,100,1,10100.0,10100,10100,0,0,0,0,1.01,1.0,10200.0
PIT,5740,5000,5370,5370,5260,600,5400,27,5183.148148148148,5300,5050,0,0,0,0,27.988999999999997,54.0,5370.0
PHR,62300,54300,58300,58300,58700,5200,101300,5921,58450.14807502468,58900,58000,3500,200,41666795,66394607,5921.120000000002,1013.0,58300.0
PHC,5830,5070,5450,5450,5450,1700,34700,187,5408.789625360231,5470,5400,0,400,25291743,25340963,187.685,347.0,5450.0
PGV,22450,19550,21000,21000,20800,100,39500,814,20607.59493670886,21100,20550,0,0,561525417,561734023,814.6099999999999,395.0,21000.0
PGI,24600,21400,23000,23000,23300,1500,5900,136,23050.84745762712,23450,22500,800,0,88246843,110896796,136.24,59.0,23000.0
PGD,33150,28850,31000,31000,31800,100,700,22,31842.85714285714,32000,31500,400,0,2085041,48509150,22.29,7.0,31000.0
PGC,15300,13300,14300,14300,14300,1000,28500,405,14210.526315789473,14450,14200,0,0,28293043,29567892,405.36999999999983,285.0,14300.0
PET,27900,24300,26100,26100,26050,7800,347000,9042,26057.63688760807,26300,25950,0,0,0,0,9042.214999999998,3470.0,26100.0
PDR,22500,19600,21050,21050,21150,142400,4562500,97053,21271.890410958906,21450,21050,4000,606400,377109965,436570041,97053.43499999995,45625.0,21050.0
PDN,114100,99300,106700,106700,0,0,0,0,0.0,0,0,0,0,0,0,0.0,0.0,108000.0
PC1,29700,25900,27800,27800,27950,72500,882300,24645,27932.675960557634,28100,27800,500,19700,113436413,155497779,24645.295000000104,8823.0,27800.0
PAN,25500,22200,23850,23850,23900,11400,726400,17369,23911.068281938326,24000,23750,7600,90500,65651298,105984344,17369.900000000038,7264.0,23850.0
PAC,43800,38100,40950,40950,41400,200,17900,722,40335.195530726254,41400,40100,0,300,17131387,22771136,722.685,179.0,40950.0
ORS,15350,13350,14350,14350,14100,286200,14511300,206868,14255.649045915941,14650,13950,493800,274700,159493300,164639874,206868.5899999983,145113.0,14350.0
OPC,25550,22250,23900,23900,23900,100,300,7,23933.333333333332,24000,23900,0,0,0,0,7.18,3.0,23900.0
OGC,4210,3670,3940,3940,3920,22000,236800,930,3927.364864864865,3960,3910,0,0,146274444,147000000,930.9130000000004,2368.0,3940.0
OCB,13400,11700,12550,12550,12650,321600,5373900,67361,12534.844340237072,12650,12450,3000,1003679,35132949,542473613,67361.315,53739.0,12550.0
NVT,8960,7800,8380,8380,8000,2200,14000,111,7999.071428571428,8010,7990,0,0,45139680,45250000,111.987,140.0,8380.0
NVL,11400,9960,10700,10700,10750,93000,3498900,37714,10778.816199376946,10850,10700,271500,3200,863525812,955551223,37714.210000000196,34989.0,10700.0
NTL,22750,19850,21300,21300,20950,73600,1924400,40351,20968.093951361465,21300,20800,117600,500,52761849,59770151,40351.49499999987,19244.0,21300.0
NT2,20900,18200,19550,19550,19650,7200,119200,2335,19588.926174496642,19650,19550,200,6000,102940098,141059254,2335.1300000000015,1192.0,19550.0
NSC,83900,73100,78500,78500,77800,200,300,23,78033.33333333333,78500,77800,0,0,7219120,8617624,23.41,3.0,78500.0
NO1,10150,8840,9500,9500,9200,64400,429200,3976,9263.746505125815,9570,9100,0,0,11741900,11760000,3976.4419999999986,4292.0,9500.0
NNC,23450,20450,21950,21950,22000,8900,18900,411,21746.031746031746,22150,21500,600,0,9620229,10740800,411.94500000000005,189.0,21950.0
NLG,42900,37300,40100,40100,40500,53900,1227100,49536,40368.348137886074,40600,40050,365500,111900,607534,192388735,49536.970000000125,12271.0,40100.0
NKG,23550,20550,22050,22050,22050,205700,3675100,81560,22192.59339881908,22400,22050,17400,81700,105297887,131638903,81560.48999999999,36751.0,22050.0
NHT,11750,10250,11000,11000,11050,100,100,1,11050.0,11050,11050,0,0,11282662,12014084,1.105,1.0,11000.0
NHH,15300,13300,14300,14300,14450,300,131400,1892,14398.782343987823,14500,14200,13300,0,72332282,72880000,1892.2250000000008,1314.0,14300.0
NHA,25600,22300,23950,23950,24250,12800,156800,3794,24196.428571428572,24350,24000,3500,0,21377320,21645514,3794.595000000002,1568.0,23950.0
NCT,121200,105400,113300,113300,118000,7300,21900,2561,116940.6392694064,119000,112500,600,0,3844466,7850082,2561.339999999999,219.0,113300.0
NBB,25400,22100,23750,23750,23500,2600,31300,733,23418.5303514377,23950,22900,100,0,49728567,50237828,733.125,313.0,23750.0
NAV,20300,17700,19000,19000,19000,200,2000,37,18925.0,19000,18900,0,0,3850510,3920000,37.85,20.0,19000.0
NAF,22100,19300,20700,20700,20900,5900,185600,3871,20856.681034482757,20950,20500,6900,2200,49421044,62923085,3871.36,1856.0,20700.0
NAB,17300,15100,16200,16200,16200,81500,1476500,23862,16161.192008127327,16300,16050,75600,144261,381966970,396765165,23862.455000000078,14765.0,16200.0
MWG,69700,60700,65200,65200,64200,2406100,20847000,1338913,64225.69194608337,65300,63600,2233490,4603748,26487966,716499646,1338913.4100000188,208470.0,65200.0
MSN,80400,70000,75200,75200,77000,770400,8346300,638929,76552.36452080563,77100,75100,1444200,1621921,313176680,741334762,638929.3800000009,83463.0,75200.0
MSH,47900,41700,44800,44800,45000,800,83100,3739,44993.98315282792,45250,44800,2400,50000,33501709,36756909,3739.435,831.0,44800.0
MSB,13650,11950,12800,12800,12900,399600,10751000,138201,12854.711189656777,12950,12750,1291800,2110000,12569756,780000000,138201.33000000028,107510.0,12800.0
MIG,18100,15800,16950,16950,17000,11600,323700,5500,16991.04108742663,17050,16950,152700,9590,143791729,172672500,5500.9699999999975,3237.0,16950.0
MHC,7550,6570,7060,7060,7010,900,33500,235,7014.925373134329,7060,7010,0,0,19815351,20289412,235.56599999999997,335.0,7060.0
MDG,11650,10150,10900,10900,11200,100,100,1,11200.000000000002,11200,11200,0,0,5335025,5335625,1.12,1.0,10900.0
MCP,31100,27100,29100,29100,30300,2600,3100,93,30000.0,30300,28500,0,0,0,0,93.03,31.0,29100.0
MCM,39300,34200,36750,36750,36800,500,27100,993,36642.0664206642,37800,36500,0,0,108962680,110000000,993.005,271.0,36750.0
MBB,26950,23450,25200,25200,25600,872600,14336900,365401,25486.75097126994,25650,25250,302600,303000,0,1232929699,365401.43999999354,143369.0,25200.0
LSS,12900,11300,12100,12100,12200,7200,90400,1098,12146.017699115044,12200,12100,0,0,0,0,1098.1499999999999,904.0,12100.0
LPB,35600,31000,33300,33300,33600,180200,1803200,60417,33505.434782608696,33700,33350,212700,4700,112671290,127880820,60417.89999999994,18032.0,33300.0
LM8,14950,13050,14000,14000,0,0,0,0,0.0,0,0,0,0,0,0,0.0,0.0,14300.0
LIX,36400,31700,34050,34050,34150,2000,37300,1275,34182.30563002681,34300,34050,500,18700,29868358,32400000,1275.05,373.0,34050.0
LHG,37950,33050,35500,35500,36000,4000,80700,2899,35923.17224287485,36250,35450,2200,0,15457707,24505884,2899.3249999999985,807.0,35500.0
LGL,2700,2360,2530,2530,2500,10000,21400,53,2502.8504672897193,2550,2480,0,0,24666351,25750000,53.56099999999999,214.0,2530.0
LGC,64200,55800,60000,60000,62000,500,500,31,62000.0,62000,62000,0,500,7753611,94498834,31.0,5.0,60000.0
LEC,6170,5370,5770,5770,0,0,0,0,0.0,0,0,0,0,12785868,12789000,0.0,0.0,0.0
LDG,2080,1820,1950,1950,1970,47000,1256600,2448,1948.113958300175,1980,1940,300,1200,125716590,128486292,2448.7819999999992,12566.0,1950.0
LCG,11400,9960,10700,10700,10850,8200,1390300,15095,10857.368913184206,10950,10750,0,50400,93481044,97545585,15095.07999999993,13903.0,10700.0
LBM,29400,25600,27500,27500,27500,1500,4700,127,27021.27659574468,27550,26850,1800,200,13842456,20000000,127.965,47.0,27500.0
LAF,18000,15700,16850,16850,16800,100,1700,28,16658.823529411766,17000,16550,0,0,7144734,7461729,28.32,17.0,16850.0
L10,27600,24000,25800,25800,0,0,0,0,0.0,0,0,0,0,4751957,4846100,0.0,0.0,24200.0
KSB,19950,17350,18650,18650,19200,93900,1216300,23209,19081.641042505962,19250,18850,27500,9500,52548525,56241760,23209.195000000014,12163.0,18650.0
KPF,2090,1830,1960,1960,1890,19400,946700,1750,1848.5264603359037,1960,1830,0,0,29742524,29824948,1750.3529999999967,9467.0,1960.0
KOS,40400,35200,37800,37800,38000,1700,314300,11907,37884.18708240535,38000,37800,4700,0,105602209,106075854,11907.569999999982,3143.0,37800.0
KMR,3440,3000,3220,3220,3210,1000,29100,93,3195.8762886597938,3230,3190,0,0,21410421,56881443,93.462,291.0,3220.0
KHP,10700,9300,10000,10000,9990,600,97300,971,9979.445015416239,10050,9860,0,0,0,0,971.2620000000003,973.0,10000.0
KHG,5550,4830,5190,5190,5190,307000,1885800,9769,5180.294835083254,5210,5160,130800,0,218262304,220223250,9769.924999999981,18858.0,5190.0
KDH,40100,34900,37500,37500,37700,192000,1162000,43734,37636.8330464716,37800,37500,92500,3800,111226486,454701857,43734.12499999982,11620.0,37500.0
KDC,54400,47350,50900,50900,50800,20100,586300,29729,50706.12314514753,50900,50500,17400,11300,82419615,144903158,29729.820000000007,5863.0,50900.0
KBC,29600,25800,27700,27700,28150,113100,6006500,170413,28371.43094980438,28750,27950,508500,750300,218237142,376126331,170413.59000000285,60065.0,27700.0
JVC,3530,3070,3300,3300,3300,11900,136700,450,3291.880029261156,3310,3280,0,4000,53456016,55125083,450.76299999999986,1367.0,3300.0
ITD,13050,11350,12200,12200,12550,10000,32800,405,12347.560975609756,12600,12200,0,3300,11723937,12021459,405.1,328.0,12200.0
ITC,11550,10050,10800,10800,11050,13500,155600,1698,10912.596401028277,11100,10800,0,300,0,0,1698.815,1556.0,10800.0
ITA,2510,2190,2350,2350,0,0,0,0,0.0,0,0,0,0,456139279,459847167,0.0,0.0,0.0
IMP,51000,44450,47750,47750,47100,4500,101800,4803,47180.74656188605,47750,47000,10700,800,39581152,115532071,4803.954999999996,1018.0,47750.0
ILB,35200,30600,32900,32900,32700,1600,3200,102,31875.0,32700,31100,2000,0,10593300,12006100,102.89,32.0,32900.0
IJC,14350,12550,13450,13450,13450,74100,577100,7748,13425.749436839369,13500,13350,0,17000,167296381,185096708,7748.779999999999,5771.0,13450.0
IDI,9730,8470,9100,9100,9160,40200,484000,4424,9140.495867768595,9180,9100,0,0,131624180,133854607,4424.578000000002,4840.0,9100.0
ICT,12500,10900,11700,11700,11700,1300,13100,152,11657.633587786262,11700,11650,0,0,32013448,32185000,152.71500000000003,131.0,11700.0
HVX,2690,2350,2520,2520,2540,600,11800,30,2542.3728813559323,2680,2540,0,0,19189601,19580401,30.522,118.0,2520.0
HVN,21800,19000,20400,20400,21050,78900,1517900,31854,20985.572172079846,21200,19100,603400,8000,494861002,664318252,31854.93500000003,15179.0,20400.0
HVH,8820,7680,8250,8250,8250,11500,195600,1616,8261.758691206544,8310,8210,0,0,19570532,19915966,1616.1239999999998,1956.0,8250.0
HUB,18850,16450,17650,17650,17600,400,15800,277,17581.01265822785,17700,17550,0,0,0,0,277.78000000000003,158.0,17650.0
HU1,6960,6060,6510,6510,0,0,0,0,0.0,0,0,0,0,4997899,5000000,0.0,0.0,6100.0
HTV,10450,9120,9800,9800,0,0,0,0,0.0,0,0,0,0,5647490,6420960,0.0,0.0,9880.0
HTN,8990,7830,8410,8410,8230,16500,446400,3686,8257.168458781362,8380,8200,300,1800,42822602,43667041,3686.6679999999965,4464.0,8410.0
HTL,23100,20100,21600,21600,21600,100,5700,123,21630.701754385962,21750,21600,0,0,2245261,5880000,123.29499999999999,57.0,21600.0
HTI,17050,14850,15950,15950,16000,100,100,1,16000.0,16000,16000,0,0,8610589,12474600,1.6,1.0,15950.0
HTG,47050,40950,44000,44000,44800,2300,36800,1649,44809.782608695656,45200,44200,0,0,0,0,1649.0949999999998,368.0,44000.0
HT1,12550,10950,11750,11750,11750,50300,728600,8488,11649.73922591271,11750,11600,3900,250000,177916189,186979056,8488.984999999944,7286.0,11750.0
HSL,4760,4140,4450,4450,4470,200,58800,261,4438.775510204082,4470,4400,0,0,18172238,18898007,261.5729999999999,588.0,4450.0
HSG,22800,19900,21350,21350,21300,566600,11710000,250784,21416.225448334757,21600,21250,60900,855800,232473154,301831331,250784.0700000016,117100.0,21350.0
HRC,52700,45850,49300,49300,0,0,0,0,0.0,0,0,0,0,0,0,0.0,0.0,0.0
HQC,3500,3060,3280,3280,3300,107600,1752200,5782,3299.85161511243,3320,3280,0,0,285786636,288300000,5782.727999999995,17522.0,3280.0
HPX,5310,4630,4970,4970,4950,108100,902100,4461,4945.128034585966,4990,4930,0,1100,148667512,149042604,4461.726999999999,9021.0,4970.0
HPG,28800,25100,26950,26950,27500,2803000,41613700,1137385,27331.984418592914,27500,27050,11051412,2390801,1708338873,3134162598,1137385.3699999305,416137.0,26950.0
HNA,26950,23450,25200,25200,25400,100,1600,42,26250.0,26900,25400,0,0,0,0,42.47,16.0,25200.0
HMC,12050,10550,11300,11300,11300,600,32400,361,11141.975308641975,11350,10900,0,0,0,0,361.145,324.0,11300.0
HII,5110,4450,4780,4780,4780,26800,69900,334,4778.254649499285,4850,4770,0,0,36242694,36831508,334.848,699.0,4780.0
HID,2910,2530,2720,2720,2740,2200,46000,125,2717.391304347826,2850,2710,0,0,37171927,37614865,125.12800000000001,460.0,2720.0
HHV,12700,11100,11900,11900,12050,164700,4189000,50651,12091.429935545477,12200,11950,13400,700,177359877,211805208,50651.80000000011,41890.0,11900.0
HHS,8630,7510,8070,8070,8010,63600,1175400,9454,8043.219329589927,8170,8000,45800,200000,165194347,183992984,9454.933000000015,11754.0,8070.0
HHP,9950,8650,9300,9300,9300,30000,113800,1056,9279.437609841827,9320,9200,0,0,36506475,42411628,1056.0459999999994,1138.0,9300.0
HDG,29550,25750,27650,27650,27850,92900,1840800,51123,27772.164276401563,27850,27650,6500,19200,119412289,168165764,51123.21499999984,18408.0,27650.0
HDC,26650,23250,24950,24950,25400,62300,1498700,37784,25211.183025288585,25450,25000,68000,34400,71188912,75996611,37784.495000000046,14987.0,24950.0
HDB,29100,25300,27200,27200,27000,421800,11084500,299835,27049.934593351078,27250,26900,664700,4392300,40621565,585526426,299835.49000000424,110845.0,27200.0
HCM,32700,28500,30600,30600,30650,275000,8226100,250462,30447.235020240456,30850,30200,911500,439200,14137986,345357650,250462.5900000009,82261.0,30600.0
HCD,10650,9300,9990,9990,9920,5300,57400,570,9930.313588850175,9990,9920,0,5600,0,0,570.3240000000004,574.0,9990.0
HAX,17400,15200,16300,16300,16300,20900,468900,7645,16304.116016208147,16500,16200,40000,121400,34877705,53719840,7645.040000000019,4689.0,16300.0
HAS,8880,7720,8300,8300,0,0,0,0,0.0,0,0,0,0,2693001,3920000,0.0,0.0,8390.0
HAR,3830,3330,3580,3580,3540,7700,49400,175,3542.5101214574897,3600,3520,0,100,49542888,49661549,175.582,494.0,3580.0
HAP,4480,3900,4190,4190,4220,7000,89100,373,4186.307519640853,4220,4160,0,1800,51955199,54437908,373.67500000000007,891.0,4190.0
HAH,44350,38550,41450,41450,42100,126700,4205700,176361,41933.80412297596,42300,41500,146100,52400,25034211,36402927,176361.87000000133,42057.0,41450.0
HAG,11650,10150,10900,10900,11050,204000,4254400,47121,11075.827378713802,11150,11000,49400,89400,493671675,518159294,47121.30000000019,42544.0,10900.0
GVR,37500,32600,35050,35050,35650,84400,1840800,65272,35458.49630595393,35650,35250,37005,20400,500058367,520000000,65272.06000000022,18408.0,35050.0
GTA,11150,9720,10450,10450,10450,1000,1200,12,10450.0,10450,10450,0,0,5080916,5096000,12.54,12.0,10450.0
GSP,13850,12050,12950,12950,12900,1100,93800,1208,12878.464818763327,13000,12800,0,0,0,0,1208.3549999999998,938.0,12950.0
GMH,8940,7780,8360,8360,8100,1100,10100,81,8102.376237623764,8340,8100,100,0,8134200,8250000,81.83400000000002,101.0,8360.0
GMD,80500,70100,75300,75300,75500,46200,332500,25149,75636.09022556391,76000,75300,548000,552800,1617660,152138608,25149.9799999999,3325.0,75300.0
GMC,8560,7440,8000,8000,0,0,0,0,0.0,0,0,0,0,0,0,0.0,0.0,8000.0
GIL,31350,27250,29300,29300,29450,10800,200700,5893,29362.232187344296,29450,29300,0,0,33799801,34975000,5893.79,2007.0,29300.0
GEX,22250,19350,20800,20800,20950,323200,3032700,63443,20919.64256273288,21000,20800,6300,14300,361590043,429714896,63443.23499999984,30327.0,20800.0
GEG,12300,10700,11500,11500,11650,16400,543300,6320,11632.615497883306,11700,11450,0,600,18817257,211254185,6320.454999999998,5433.0,11500.0
GEE,34750,30250,32500,32500,32600,1200,10500,342,32658.09523809524,32700,32600,0,0,149938700,150000000,342.91,105.0,32500.0
GDT,29600,25800,27700,27700,27850,100,7500,206,27466.666666666668,27850,27400,0,1600,8622430,10869346,206.99,75.0,27700.0
GAS,77600,67600,72600,72600,72700,7600,547200,39690,72532.8947368421,72900,72300,12460,77648,1082874998,1125402525,39690.13000000008,5472.0,72600.0
FUEVN100,19290,16770,18030,18030,18200,200,55800,1009,18082.437275985663,18200,18030,33800,9100,25951950,29300000,1009.5689999999998,558.0,18030.0
FUEVFVND,35790,31110,33450,33450,34250,11700,568700,19016,33437.664849657114,34250,33350,738800,753200,21948716,387000000,19016.53499999999,5687.0,33450.0
FUESSVFL,23550,20470,22010,22010,22200,500,437000,9647,22075.514874141878,22200,21910,100700,217000,10889099,27700000,9647.651000000005,4370.0,22010.0
FUESSV50,21400,18600,20000,20000,20230,500,19800,400,20202.0202020202,20250,20120,18300,300,4254601,6400000,400.365,198.0,20000.0
FUESSV30,17800,15480,16640,16640,16990,100,2200,36,16771.363636363636,16990,16630,100,200,6777670,10300000,36.897,22.0,16640.0
FUEMAVND,14980,13020,14000,14000,14070,100,400,5,14055.0,14090,14030,0,400,2253500,31700000,5.622,4.0,14000.0
FUEMAV30,17230,14990,16110,16110,16290,300,500,8,16262.0,16290,16210,300,0,2487503,24100000,8.131,5.0,16110.0
FUEKIVND,13440,11700,12570,12570,12670,100,100,1,12670.0,12670,12670,100,100,116300,8500000,1.267,1.0,12570.0
FUEKIVFS,13990,12170,13080,13080,13240,100,600,7,13106.666666666666,13240,13080,100,500,3115900,24400000,7.864,6.0,13080.0
FUEKIV30,9520,8280,8900,8900,9100,100,2000,18,9000.0,9100,9000,1800,200,6273800,185300000,18.046,20.0,8900.0
FUEIP100,9200,8000,8600,8600,0,0,0,0,0.0,0,0,0,0,5283200,5400000,0.0,0.0,8600.0
FUEFCV50,13170,11450,12310,12310,12190,200,5200,63,12183.461538461537,12190,12180,0,0,5596675,5700000,63.35399999999999,52.0,12310.0
FUEDCMID,12890,11210,12050,12050,12070,100,80500,969,12037.267080745341,12070,12020,73800,3100,4835300,30500000,969.9319999999999,805.0,12050.0
FUCVREIT,6400,5580,5990,5990,5990,1100,1500,8,5990.0,5990,5990,300,0,2357080,2450000,8.985,15.0,5990.0
FUCTVGF4,16150,14050,15100,15100,0,0,0,0,0.0,0,0,0,0,9829400,9829400,0.0,0.0,0.0
FUCTVGF3,16250,14150,15200,15200,0,0,0,0,0.0,0,0,0,0,9751392,9751392,0.0,0.0,0.0
FTS,47500,41300,44400,44400,44400,143400,1867500,82687,44276.840696117804,44850,44000,92107,44340,212776128,305919366,82687.59500000054,18675.0,44400.0
FRT,189300,164700,177000,177000,177100,153900,520600,91715,176171.72493276987,177100,174800,215800,50701,15863531,66758770,91715.67000000003,5206.0,177000.0
FPT,143100,124500,133800,133800,135400,105300,2619900,354277,135225.39028207184,135800,134300,1042150,507600,38954185,715619552,354277.23999999533,26199.0,133800.0
FMC,50500,43950,47250,47250,47250,100,36300,1721,47410.46831955923,47650,46800,0,0,12383049,32694444,1721.93,363.0,47250.0
FIT,4600,4000,4300,4300,4260,46100,224200,957,4268.510258697592,4320,4250,0,0,0,0,957.0269999999997,2242.0,4300.0
FIR,6490,5650,6070,6070,6030,23700,251200,1518,6042.993630573248,6130,5980,0,10200,31993671,32122640,1518.323,2512.0,6070.0
FDC,17100,14900,16000,16000,17100,100,3800,64,16842.105263157893,17100,14900,0,0,19308158,19314994,64.10000000000001,38.0,16000.0
FCN,13900,12100,13000,13000,13000,24400,200700,2615,13029.397110114598,13150,12950,0,0,29470795,78719502,2615.505000000003,2007.0,13000.0
FCM,3520,3060,3290,3290,3290,700,4000,13,3259.250000000001,3290,3250,0,0,20771771,22098984,13.037000000000003,40.0,3290.0
EVG,7250,6310,6780,6780,6810,43500,1219100,8276,6788.6145517184805,6810,6720,0,0,104640727,105472419,8276.015999999998,12191.0,6780.0
EVF,12450,10850,11650,11650,11700,224200,2546200,29591,11621.632236273663,11700,11550,103200,9300,101117577,105637243,29591.08,25462.0,11650.0
EVE,11950,10450,11200,11200,11200,1300,11500,128,11130.434782608696,11200,11100,1500,100,15606575,41979773,128.00499999999997,115.0,11200.0
ELC,25850,22550,24200,24200,24450,17500,212700,5181,24358.251057827925,24850,24000,10800,4100,38756616,40812137,5181.404999999998,2127.0,24200.0
EIB,20150,17550,18850,18850,19200,667800,9211500,175298,19030.342506649296,19250,18850,1234200,20400,510535946,560090574,175298.61499999996,92115.0,18850.0
E1VFVN30,25140,21860,23500,23500,23720,4900,302500,7130,23570.247933884297,23720,23430,207600,4200,36154218,305300000,7130.500000000001,3025.0,23500.0
DXV,4010,3490,3750,3750,3780,3000,3200,12,3780.6249999999995,3790,3780,0,0,4797250,4851000,12.097999999999999,32.0,3750.0
DXS,6030,5250,5640,5640,5660,3100,196400,1111,5656.822810590631,5700,5640,0,29300,184552850,289551562,1111.659000000001,1964.0,5640.0
DXG,16300,14200,15250,15250,15450,303500,6171500,95097,15409.05776553512,15500,15250,7100,265877,230105807,361225460,95097.58999999908,61715.0,15250.0
DVP,80300,69900,75100,75100,75700,500,4700,356,75744.68085106384,76000,75200,800,0,13881618,19600000,356.03,47.0,75100.0
DTT,19150,16650,17900,17900,0,0,0,0,0.0,0,0,0,0,3980883,3994391,0.0,0.0,17900.0
DTL,13150,11450,12300,12300,12500,100,200,2,12549.999999999998,12600,12500,0,0,30103150,30103445,2.51,2.0,12300.0
DTA,4370,3810,4090,4090,3930,1000,9000,35,3978.777777777778,4050,3900,0,0,8813813,8849317,35.809,90.0,4090.0
DSN,59100,51500,55300,55300,55000,500,6300,346,55022.22222222222,55200,55000,0,250,3990938,5920674,346.64,63.0,55300.0
DSE,27600,24000,25800,25800,25950,3000,224800,5811,25849.64412811388,26000,25750,22800,0,286493433,330000000,5811.975000000001,2248.0,25800.0
DRL,65900,57300,61600,61600,61600,4800,10400,640,61602.884615384624,61900,61600,0,0,0,0,640.6700000000001,104.0,61600.0
DRH,2030,1770,1900,1900,0,0,0,0,0.0,0,0,0,0,61043109,62176933,0.0,0.0,0.0
DRC,31000,27000,29000,29000,29400,15500,469100,13770,29354.082285227032,29650,29000,18100,3500,45728085,58208376,13770.77000000003,4691.0,29000.0
DQC,14200,12400,13300,13300,13250,2400,10200,135,13235.29411764706,13500,13200,0,300,16625832,16836113,135.12999999999997,102.0,13300.0
DPR,45900,39900,42900,42900,43300,24900,512800,22092,43081.1232449298,43300,42850,13900,9600,39006378,43442966,22092.059999999998,5128.0,42900.0
DPM,37200,32400,34800,34800,35300,184300,1675600,58775,35076.98734781571,35300,34800,13300,22900,159666991,191786000,58775.774999999834,16756.0,34800.0
DPG,57200,49800,53500,53500,54500,37800,686400,37296,54335.66433566433,55000,53400,0,2900,26488681,30869781,37296.409999999974,6864.0,53500.0
DMC,71600,62400,67000,67000,67000,100,2300,154,67000.0,67000,67000,2000,0,15085999,34727465,154.1,23.0,67000.0
DLG,1920,1680,1800,1800,1820,17500,562300,1017,1808.6430730926552,1830,1800,300,3600,142791075,146661762,1017.8800000000006,5623.0,1800.0
DIG,22750,19850,21300,21300,21400,504000,5099700,109485,21468.909935878582,21650,21300,3300,24030,269148424,298827477,109485.61499999954,50997.0,21300.0
DHM,9190,7990,8590,8590,8500,1000,15500,131,8451.612903225807,8590,8450,0,0,0,0,131.737,155.0,8590.0
DHG,113600,98800,106200,106200,107000,3800,79400,8497,107015.11335012595,107300,106300,45300,1100,60494907,130746071,8497.81,794.0,106200.0
DHC,39800,34600,37200,37200,37250,3200,63900,2381,37261.345852895145,37400,37200,6000,9086,8729276,40246524,2381.8100000000004,639.0,37200.0
DHA,43300,37700,40500,40500,40400,6000,26400,1066,40378.78787878788,40550,40300,0,5000,5785255,7408773,1066.9750000000001,264.0,40500.0
DGW,48000,41800,44900,44900,45500,113700,781300,35319,45205.42685268143,45500,44900,77200,312100,50978379,106486882,35319.42000000001,7813.0,44900.0
DGC,121800,106000,113900,113900,115000,212100,1177300,135008,114675.95345281577,115400,113700,103200,47356,117115152,186091850,135008.05999999976,11773.0,113900.0
DCM,40150,34950,37550,37550,38250,354800,2567100,97582,38012.54333683923,38250,37600,140500,4100,219467761,259406000,97582.70500000042,25671.0,37550.0
DCL,26950,23450,25200,25200,25200,4100,151300,3799,25109.054857898216,25400,24800,0,500,0,0,3799.63,1513.0,25200.0
DC4,11400,9960,10700,10700,10900,1700,207900,2257,10856.180856180856,11000,10700,0,10300,28574968,28874633,2257.0899999999992,2079.0,10700.0
DBT,13250,11550,12400,12400,12400,100,5800,71,12241.379310344828,12400,12000,0,0,0,0,71.79,58.0,12400.0
DBD,51600,44950,48300,48300,49000,10900,515700,25330,49117.70409152608,50800,48050,13700,58250,80665301,93593847,25330.26500000007,5157.0,48300.0
DBC,31350,27250,29300,29300,30200,829300,13380200,400122,29904.03730885936,30200,29250,2196300,20500,125060911,163987881,400122.0550000032,133802.0,29300.0
DAT,8560,7440,8000,8000,0,0,0,0,0.0,0,0,0,0,0,0,0.0,0.0,8020.0
DAH,3440,3000,3220,3220,3200,100,73000,231,3164.3835616438355,3220,3150,0,0,0,0,231.80700000000004,730.0,3220.0
DAG,1530,1330,1430,1430,0,0,0,0,0.0,0,0,0,0,29032771,29553914,0.0,0.0,0.0
D2D,48200,41900,45050,45050,45750,5400,266900,12110,45372.79880104908,46000,44900,7110,0,14982869,15152379,12110.380000000003,2669.0,45050.0
CVT,27800,24200,26000,26000,0,0,0,0,0.0,0,0,0,0,18171728,18345443,0.0,0.0,26450.0
CVRE2404,630,10,10,10,10,600,20700,0,10.000000000000007,10,10,0,0,13000000,13000000,0.20700000000000013,207.0,10.0
CVRE2403,660,10,40,40,30,800,520500,20,38.42459173871278,50,30,0,0,11000000,11000000,20.886999999999997,5205.0,40.0
CVRE2402,600,10,290,290,280,25700,296700,85,286.48466464442197,300,280,13000,0,15000000,15000000,85.19600000000003,2967.0,290.0
CVRE2401,580,10,270,270,270,5200,103700,27,260.36644165863066,280,260,0,0,9990000,10000000,27.535,1037.0,270.0
CVRE2320,710,10,90,90,100,4100,157000,14,89.171974522293,100,80,0,0,3000000,3000000,14.161,1570.0,90.0
CVRE2315,0,0,10,10,0,0,0,0,0.0,0,0,0,0,25000000,25000000,0.0,0.0,10.0
CVPB2406,1250,10,550,550,600,14000,990900,570,575.2346351801393,610,540,0,0,27000000,27000000,570.06,9909.0,550.0
CVPB2405,1160,10,460,460,520,62500,666000,339,509.009009009009,540,470,0,0,30000000,30000000,339.626,6660.0,460.0
CVPB2404,980,10,280,280,310,18800,999700,306,306.09182754826446,360,270,0,0,30000000,30000000,306.45999999999987,9997.0,280.0
CVPB2403,2050,650,1350,1350,1420,100,933000,1281,1372.9903536977492,1420,1330,0,0,6900000,7000000,1281.5269999999998,9330.0,1350.0
CVPB2402,1670,270,970,970,1020,100,865500,859,992.4898902368573,1050,960,0,0,7000000,7000000,859.165,8655.0,970.0
CVPB2401,2020,560,1290,1290,1350,100,447200,588,1314.8479427549196,1400,1280,0,0,9000000,9000000,588.7250000000001,4472.0,1290.0
CVPB2319,1310,10,540,540,560,2200,278200,163,585.9094176851186,600,530,233200,44900,1111400,2000000,163.191,2782.0,540.0
CVPB2315,400,10,150,150,160,28100,1621600,245,151.0853478046374,160,140,0,0,50000000,50000000,245.4389999999999,16216.0,150.0
CVNM2404,1360,10,150,150,120,69600,258800,35,135.23956723338486,190,120,0,7900,19763600,20000000,35.468000000000025,2588.0,150.0
CVNM2403,1490,10,280,280,270,28000,326400,92,281.8627450980392,330,260,0,0,20000000,20000000,92.25700000000009,3264.0,280.0
CVNM2402,1140,10,540,540,500,600,42600,23,539.906103286385,580,500,0,0,7000000,7000000,23.871,426.0,540.0
CVNM2401,2030,830,1430,1430,1430,10000,294100,417,1417.8850731043863,1460,1400,0,0,7630000,8000000,417.1059999999999,2941.0,1430.0
CVNM2315,1580,10,350,350,350,138400,1063900,385,361.87611617633235,380,350,978000,85800,1366700,3000000,385.074,10639.0,350.0
CVNM2311,820,10,330,330,300,23100,293600,90,306.53950953678475,400,300,0,0,11991600,12000000,90.03999999999996,2936.0,330.0
CVIC2403,720,10,10,10,0,0,0,0,0.0,0,0,0,0,25000000,25000000,0.0,0.0,10.0
CVIC2402,890,10,180,180,190,4000,589300,108,183.26828440522655,200,180,0,0,23000000,23000000,108.73599999999995,5893.0,180.0
CVIC2401,1100,10,390,390,460,1100,378200,149,393.9714436805923,460,390,0,0,7000000,7000000,149.024,3782.0,390.0
CVIC2314,910,10,340,340,330,2000,33500,11,338.50746268656724,340,330,0,0,3000000,3000000,11.340000000000002,335.0,340.0
CVIC2309,0,0,10,10,0,0,0,0,0.0,0,0,0,0,15000000,15000000,0.0,0.0,10.0
CVIB2404,890,10,130,130,120,4200,1129500,126,111.55378486055777,130,110,0,0,15000000,15000000,126.48100000000001,11295.0,130.0
CVIB2403,770,10,10,10,10,200,159000,1,9.999999999999982,10,10,0,0,18000000,18000000,1.5899999999999972,1590.0,10.0
CVIB2402,1640,120,880,880,830,70600,2627500,2178,828.9248334919124,860,820,0,0,9988000,10000000,2178.227999999999,26275.0,880.0
CVIB2305,770,250,510,510,500,1700,2578900,1274,494.00907363604637,520,490,0,0,25000000,25000000,1274.1380000000008,25789.0,510.0
CVHM2405,1170,10,450,450,550,29500,674300,353,523.5058579267388,560,470,0,0,25000000,25000000,353.441,6743.0,450.0
CVHM2404,1480,40,760,760,940,22900,3593200,3211,893.6324167872648,960,790,0,0,25000000,25000000,3211.4739999999993,35932.0,760.0
CVHM2403,1840,400,1120,1120,1130,3700,48000,54,1125.0,1150,1050,0,0,7000000,7000000,54.535000000000004,480.0,1120.0
CVHM2402,2090,650,1370,1370,1520,1700,258200,392,1518.2029434546862,1590,1400,0,0,7000000,7000000,392.7700000000001,2582.0,1370.0
CVHM2318,980,10,400,400,400,100,14500,4,275.86206896551727,400,240,0,0,3000000,3000000,4.976,145.0,400.0
CVHM2313,0,0,10,10,0,0,0,0,0.0,0,0,0,0,46000000,46000000,0.0,0.0,10.0
CTS,42600,37100,39850,39850,40200,44100,813600,32599,40067.600786627336,40500,39800,100000,0,71713296,72881772,32599.434999999994,8136.0,39850.0
CTR,137100,119300,128200,128200,133100,48900,759600,100100,131779.8841495524,135000,128500,90100,89400,45031624,56049080,100100.47000000035,7596.0,128200.0
CTPB2402,2570,1110,1840,1840,1820,22000,874400,1582,1809.2406221408967,1870,1770,0,0,6999900,7000000,1582.7309999999998,8744.0,1840.0
CTI,17250,15050,16150,16150,16150,3900,324900,5276,16238.842720837181,16400,16150,0,6200,30510038,30869998,5276.2349999999915,3249.0,16150.0
CTG,38250,33250,35750,35750,36100,207000,9143500,330706,36168.42565757095,36600,35700,1347800,3114900,182033278,1610997524,330706.9399999975,91435.0,35750.0
CTF,32700,28500,30600,30600,30800,7500,104700,3198,30544.412607449856,30800,30350,11700,35400,41107307,43804266,3198.094999999999,1047.0,30600.0
CTD,66300,57700,62000,62000,62400,24400,382900,23782,62110.211543483936,62400,61500,16100,11200,2372867,50780297,23782.240000000016,3829.0,62000.0
CTCB2402,1250,10,400,400,430,1300,1633200,647,396.1547881459711,440,360,0,0,20000000,20000000,647.1590000000002,16332.0,400.0
CTCB2310,0,0,1880,1880,0,0,0,0,0.0,0,0,0,0,23000000,23000000,0.0,0.0,1880.0
CSV,39550,34450,37000,37000,37550,30100,981900,36617,37291.98492718199,37550,37000,0,2250,53132543,55249955,36617.48000000002,9819.0,37000.0
CSTB2407,1240,80,660,660,710,10100,345100,235,680.9620399884092,750,650,0,0,27000000,27000000,235.7239999999999,3451.0,660.0
CSTB2406,2290,10,1120,1120,1200,22400,43000,51,1186.046511627907,1300,1130,0,0,18000000,18000000,51.43500000000001,430.0,1120.0
CSTB2405,2320,10,1150,1150,1260,5000,356200,445,1249.298147108366,1350,1110,0,0,15000000,15000000,445.05600000000015,3562.0,1150.0
CSTB2404,1970,810,1390,1390,1410,200000,685900,961,1401.0788744714973,1430,1380,0,0,15000000,15000000,961.15,6859.0,1390.0
CSTB2403,1770,610,1190,1190,1240,100,15100,18,1243.9735099337747,1260,1200,0,0,15000000,15000000,18.784,151.0,1190.0
CSTB2402,2830,1270,2050,2050,2050,10000,1709000,3550,2077.238150965477,2150,1990,0,0,10483500,10500000,3550.934000000002,17090.0,2050.0
CSTB2337,1300,640,970,970,1020,100,194300,199,1024.1893978383941,1050,980,0,0,10000000,10000000,199.462,1943.0,970.0
CSTB2333,2380,40,1210,1210,1210,100,902000,1047,1160.7538802660754,1210,1080,694800,199200,1677300,3000000,1047.9180000000001,9020.0,1210.0
CSTB2328,730,150,440,440,460,100,387800,179,461.57813305827744,480,430,0,0,50000000,50000000,179.43099999999998,3878.0,440.0
CSM,12300,10700,11500,11500,11500,2500,106100,1219,11489.161168708766,11550,11400,0,400,51098593,51813233,1219.81,1061.0,11500.0
CSHB2306,1160,380,770,770,750,5000,125300,101,806.0654429369513,890,450,0,0,2000000,2000000,101.016,1253.0,770.0
CRE,7270,6330,6800,6800,6790,34900,111600,756,6774.193548387097,6900,6750,0,0,213195077,231839267,756.5419999999998,1116.0,6800.0
CRC,7200,6260,6730,6730,6880,100,466300,3194,6849.667595968261,7000,6690,0,0,0,0,3194.509,4663.0,6730.0
CPOW2315,1070,230,650,650,680,100,29000,18,653.793103448276,690,630,0,0,2978000,3000000,18.960000000000004,290.0,650.0
COM,30450,26550,28500,28500,30300,100,1100,31,28663.636363636364,30300,28500,0,0,6889447,6919107,31.53,11.0,28500.0
CNG,37750,32850,35300,35300,35400,9000,124500,4386,35228.9156626506,35550,35100,0,29000,16147561,17198816,4386.6349999999975,1245.0,35300.0
CMX,8570,7450,8010,8010,8020,100,137400,1100,8005.822416302765,8050,8000,9200,0,33524242,50949495,1100.2239999999995,1374.0,8010.0
CMWG2404,1160,10,30,30,10,1000,1008300,10,9.999999999999998,10,10,0,0,25000000,25000000,10.082999999999998,10083.0,30.0
CMWG2403,2710,910,1810,1810,1510,100,1765900,2679,1517.073446967552,1640,1420,0,0,15000000,15000000,2679.042,17659.0,1810.0
CMWG2402,2210,410,1310,1310,1000,2000,1879500,1952,1038.5740888534185,1340,940,0,0,15000000,15000000,1952.092999999999,18795.0,1310.0
CMWG2401,3280,1020,2150,2150,2000,28400,1593400,3101,1946.1528806326096,2150,1100,140000,0,9540000,10000000,3101.3910000000024,15934.0,2150.0
CMWG2314,2030,1130,1580,1580,1490,6900,7602600,11469,1508.5628600741852,1590,1460,0,0,40000000,40000000,11469.313999999997,76026.0,1580.0
CMV,10000,8740,9390,9390,0,0,0,0,0.0,0,0,0,0,0,0,0.0,0.0,9000.0
CMSN2403,1360,10,320,320,400,100,3811200,1496,392.527287993283,430,320,0,0,15000000,15000000,1496.1019999999996,38112.0,320.0
CMSN2402,1360,10,320,320,420,300,1315000,511,388.5931558935361,590,320,0,0,18000000,18000000,511.7099999999998,13150.0,320.0
CMSN2401,1620,320,970,970,1020,3200,289000,285,986.159169550173,1030,940,0,0,6962500,7000000,285.586,2890.0,970.0
CMSN2317,1350,50,700,700,700,300,400,0,700.0000000000001,700,700,0,0,2000000,2000000,0.28,4.0,700.0
CMSN2313,0,0,10,10,0,0,0,0,0.0,0,0,0,0,25000000,25000000,0.0,0.0,10.0
CMG,53100,46250,49700,49700,51000,30100,351800,17839,50707.78851620239,51200,49750,200,9900,13487102,95219648,17839.744999999977,3518.0,49700.0
CMBB2404,2750,1010,1880,1880,1910,15000,1158100,2217,1914.342457473448,1950,1850,0,0,7000000,7000000,2217.133,11581.0,1880.0
CMBB2403,2410,670,1540,1540,1630,1400,289700,473,1632.7235070762858,1650,1540,0,0,7000000,7000000,473.11500000000007,2897.0,1540.0
CMBB2402,2870,1090,1980,1980,2070,5000,455100,935,2054.493517908152,2090,1940,0,0,9806800,11000000,935.631,4551.0,1980.0
CMBB2315,2050,1170,1610,1610,1680,2000,866800,1426,1645.131518227965,1700,1610,0,0,19975900,20000000,1426.5639999999996,8668.0,1610.0
CLW,46350,40350,43350,43350,0,0,0,0,0.0,0,0,0,0,5746510,6370000,0.0,0.0,46600.0
CLL,41050,35750,38400,38400,38450,200,200,7,38450.0,38450,38450,0,0,13060399,16660000,7.69,2.0,38400.0
CLC,47050,40950,44000,44000,44000,400,2400,105,44041.66666666667,44050,44000,0,0,12244635,12841715,105.70000000000002,24.0,44000.0
CKG,28300,24600,26450,26450,26500,4500,357700,9479,26499.86021805983,26700,26300,0,0,0,0,9479.970000000003,3577.0,26450.0
CII,16300,14200,15250,15250,15400,197600,1578700,24256,15364.540444669665,15450,15300,600,3610,109541345,127511245,24256.98999999996,15787.0,15250.0
CIG,5720,4980,5350,5350,5350,500,72800,390,5357.142857142857,5430,5300,0,0,0,0,390.8000000000001,728.0,5350.0
CHPG2405,980,10,60,60,60,42500,2400300,154,64.15864683581219,70,50,0,0,18000000,18000000,154.16200000000003,24003.0,60.0
CHPG2404,930,10,10,10,10,1500000,1522300,15,10.0,10,10,0,0,20000000,20000000,15.223,15223.0,10.0
CHPG2403,900,10,440,440,460,2300,542600,243,447.84371544415774,480,440,0,0,14447000,15000000,243.987,5426.0,440.0
CHPG2402,2200,860,1530,1530,1590,15200,712900,1123,1575.2559966334688,1610,1520,0,0,10500000,10500000,1123.2759999999996,7129.0,1530.0
CHPG2342,900,500,700,700,710,300,126600,84,663.5071090047394,720,610,0,0,8000000,8000000,84.50899999999999,1266.0,700.0
CHPG2339,2320,300,1310,1310,1460,100,571900,820,1433.8171008917643,1470,1350,275300,287400,1585100,3000000,820.4140000000001,5719.0,1310.0
CHPG2334,760,260,510,510,500,9300,436500,218,499.42726231386024,520,490,0,0,25000000,25000000,218.63400000000007,4365.0,510.0
CHPG2333,890,230,560,560,560,1000,280800,156,555.5555555555555,570,550,0,0,21000000,21000000,156.9060000000001,2808.0,560.0
CHPG2332,720,60,390,390,430,100,1354900,560,413.31463576647724,430,400,0,0,21000000,21000000,560.9209999999991,13549.0,390.0
CHPG2331,0,0,140,140,0,0,0,0,0.0,0,0,0,0,23000000,23000000,0.0,0.0,140.0
CHP,35050,30550,32800,32800,32700,200,200,6,32700.0,32700,32700,0,0,0,0,6.54,2.0,32800.0
CFPT2401,2750,610,1680,1680,1770,4000,427200,741,1734.5505617977528,1780,1680,0,0,7000000,7000000,741.9240000000002,4272.0,1680.0
CFPT2317,4370,2950,3660,3660,3710,5000,199200,738,3704.8192771084337,3710,3620,0,0,4999100,5000000,738.044,1992.0,3660.0
CFPT2314,6950,4810,5880,5880,6020,10900,228600,1362,5958.0052493438325,6020,5880,0,0,10923700,11000000,1362.7360000000006,2286.0,5880.0
CDC,18500,16100,17300,17300,17300,1100,452100,7775,17197.522671975228,17350,17150,80500,0,10532939,10774470,7775.319999999999,4521.0,17300.0
CCL,9580,8340,8960,8960,9020,13000,111900,1008,9008.042895442359,9080,8940,0,0,28919181,29790709,1008.8929999999996,1119.0,8960.0
CCI,22400,19500,20950,20950,21000,100,5100,100,19607.843137254902,21000,19600,0,0,0,0,100.49499999999998,51.0,20950.0
CACB2402,900,10,30,30,70,100,677800,19,28.031867807612866,80,10,0,0,20000000,20000000,19.318999999999996,6778.0,30.0
CACB2305,0,0,1090,1090,0,0,0,0,0.0,0,0,0,0,25000000,25000000,0.0,0.0,1090.0
C47,6500,5660,6080,6080,6100,1200,68300,414,6061.493411420205,6100,6050,0,0,0,0,414.991,683.0,6080.0
C32,18700,16300,17500,17500,17600,100,5500,96,17503.636363636364,17600,17500,0,0,7354363,7515072,96.27,55.0,17500.0
BWE,48450,42150,45300,45300,45000,12700,116400,5266,45240.54982817869,45350,45000,2000,34200,80340292,107765035,5266.410000000002,1164.0,45300.0
BVH,45950,39950,42950,42950,43250,30200,314600,13533,43016.52892561984,43250,42850,5300,20250,167202444,363738154,13533.405000000004,3146.0,42950.0
BTT,38400,33400,35900,35900,36200,1100,1200,43,36175.0,36200,35900,0,0,0,0,43.41,12.0,35900.0
BTP,13900,12100,13000,13000,12950,100,10700,137,12803.73831775701,13000,12700,0,0,24418734,29637944,137.285,107.0,13000.0
BSI,54100,47100,50600,50600,51300,20300,665500,33819,50817.430503380914,51500,50400,118700,42500,133223329,223060701,33819.42000000015,6655.0,50600.0
BRC,13800,12000,12900,12900,12800,500,15200,195,12828.947368421053,13000,12600,100,0,6050588,6187498,195.71499999999997,152.0,12900.0
BMP,130100,113100,121600,121600,121600,18300,331100,40027,120890.96949562065,121600,119300,123800,71700,12796849,81860938,40027.5600000003,3311.0,121600.0
BMI,23000,20000,21500,21500,21500,37800,72900,1563,21440.329218106996,21500,21350,39135,35600,22303768,59086849,1563.8449999999998,729.0,21500.0
BMC,23400,20400,21900,21900,22300,2500,191600,4287,22374.739039665972,22800,21900,300,0,5462371,6072388,4287.075,1916.0,21900.0
BKG,3750,3270,3510,3510,3480,1600,38700,134,3462.532299741602,3510,3460,0,0,35714840,35804510,134.45000000000002,387.0,3510.0
BID,52300,45500,48900,48900,49450,201900,2190900,107831,49217.673102378016,49600,48800,56046,583761,732456293,1710130770,107831.08999999998,21909.0,48900.0
BIC,33700,29300,31500,31500,31500,100,21200,663,31273.584905660377,31550,31200,8100,0,4502565,57465678,663.6899999999997,212.0,31500.0
BHN,40100,34900,37500,37500,37500,100,100,3,37500.0,37500,37500,0,0,72863790,113582000,3.75,1.0,37500.0
BFC,43000,37400,40200,40200,41050,9400,480700,19579,40730.18514666112,41300,40000,93400,3500,25912726,28583996,19579.700000000008,4807.0,40200.0
BCM,73500,63900,68700,68700,68400,13200,303300,20796,68565.77645895153,69200,68100,21500,80100,330694461,351900000,20796.899999999965,3033.0,68700.0
BCG,6760,5880,6320,6320,6380,169400,1904900,12114,6359.388944301538,6380,6330,3100,1400,429805258,440105322,12114.566000000086,19049.0,6320.0
BCE,6080,5300,5690,5690,5670,200,12400,68,5552.3387096774195,5680,5500,0,0,16582660,17150000,68.849,124.0,5690.0
BBC,52900,46050,49500,49500,48550,100,100,4,48550.00000000001,48550,48550,0,0,9240233,9376343,4.855,1.0,49500.0
BAF,23750,20650,22200,22200,22550,125300,4878400,109040,22351.590685470645,22600,22000,240000,0,117025654,119510821,109040.8900000001,48784.0,22200.0
AST,59000,51400,55200,55200,56500,100,16400,907,55304.87804878049,56900,55200,0,100,2471865,22050000,907.9899999999999,164.0,55200.0
ASP,4370,3810,4090,4090,4040,100,110900,443,3994.589720468891,4060,3970,0,0,10251,18296565,443.002,1109.0,4090.0
ASM,9730,8470,9100,9100,9120,10500,367400,3352,9123.571039738705,9180,9110,400,43300,135214204,181387342,3352.7869999999975,3674.0,9100.0
ASG,20300,17700,19000,19000,19250,400,900,17,19133.333333333332,19250,18950,0,0,26568524,27235400,17.22,9.0,19000.0
APH,6800,5920,6360,6360,6370,11500,401600,2554,6359.561752988047,6410,6250,40400,41600,174158109,243884268,2554.5729999999985,4016.0,6360.0
APG,10250,8930,9600,9600,9780,6200,221400,2154,9728.9972899729,9800,9700,74300,0,202778922,223621942,2154.560999999999,2214.0,9600.0
ANV,35450,30850,33150,33150,33650,23300,579500,19452,33566.86798964625,33900,33250,64800,100,64336833,65434416,19452.719999999954,5795.0,33150.0
AGR,19600,17100,18350,18350,18550,57600,902700,16543,18326.132712972194,18550,18150,100,2000,214788996,215391309,16543.27999999999,9027.0,18350.0
AGM,4050,3530,3790,3790,3770,5600,63900,238,3724.569640062598,3780,3710,0,0,0,0,238.95700000000008,639.0,3790.0
AGG,17000,14800,15900,15900,15900,26300,221500,3547,16013.54401805869,16150,15900,0,6800,76767248,78198640,3547.835,2215.0,15900.0
ADS,11200,9770,10500,10500,10300,13700,135200,1398,10340.236686390532,10500,10250,0,0,38066239,38197363,1398.4649999999988,1352.0,10500.0
ADP,32600,28400,30500,30500,31000,100,9100,274,30109.89010989011,31000,30100,0,0,22840610,23039850,274.90500000000003,91.0,30500.0
ADG,12750,11150,11950,11950,0,0,0,0,0.0,0,0,0,0,3924782,13897338,0.0,0.0,11800.0
ACL,12600,11000,11800,11800,11850,400,4600,54,11806.521739130434,11850,11800,0,0,18694113,19832876,54.309999999999995,46.0,11800.0
ACG,44900,39100,42000,42000,41950,300,8300,347,41807.22891566265,42950,41300,0,0,17284364,75393973,347.88,83.0,42000.0
ACC,15000,13100,14050,14050,14850,1000,114000,1661,14570.17543859649,15000,14100,0,25000,0,0,1661.039999999999,1140.0,14050.0
ACB,27250,23750,25500,25500,26250,1341800,20003200,520568,26024.236122220445,26250,25550,501745,500000,0,1339997373,520568.4249999829,200032.0,25500.0
ABT,42150,36650,39400,39400,39000,2200,5700,222,39099.12280701754,40400,39000,0,0,6863489,7193603,222.865,57.0,39400.0
ABS,4450,3870,4160,4160,4150,5800,92500,385,4162.1621621621625,4230,4150,0,0,0,0,385.8129999999999,925.0,4160.0
ABR,15850,13850,14850,14850,14850,700,1000,14,14850.0,14850,14850,0,0,121200,9800000,14.85,10.0,14850.0
AAT,3710,3230,3470,3470,3500,2000,59500,209,3512.6050420168067,3680,3450,0,0,34826800,35409551,209.74199999999993,595.0,3470.0
AAM,7710,6710,7210,7210,7450,200,300,2,7450.0,7450,7450,0,0,5937864,6049741,2.235,3.0,7210.0
AAA,10050,8770,9430,9430,9580,107000,1802200,17119,9498.945732993008,9580,9430,12200,41700,374148156,382274496,17119.031999999967,18022.0,9430.0
